{
    "showPannelIdx": 0,
    "fgm148": {
        "aIO3": {
            "close": 0.47999998927116396,
            "day": 0.6700000166893005,
            "night": 1.0,
            "threshold": 0.019999999552965165
        },
        "aIO4": {
            "up": 0.47999998927116396,
            "down": 0.6700000166893005,
            "left": 1.0,
            "right": 1.7000000476837159,
            "threshold": 0.019999999552965165
        }
    }
}